Reporting Country,Partner Country
Algeria,Austria
Algeria,Belgium
Algeria,Canada
Algeria,China
Algeria,Denmark
Algeria,France
Algeria,Germany
Algeria,Hungary
Algeria,Ireland
Algeria,Italy
Algeria,Japan
Algeria,Mexico
Algeria,Netherlands
Algeria,Europe Othr. Nes
Algeria,Portugal
Algeria,Romania
Algeria,Russian Federation
Algeria,India
Algeria,Singapore
Algeria,Spain
Algeria,Sweden
Algeria,Switzerland
Algeria,Thailand
Algeria,Tunisia
Algeria,Turkey
Algeria,United Kingdom
Algeria,United States of America
Algeria,Austria
Algeria,Belgium
Algeria,Canada
Algeria,China
Algeria,Czech Republic
Algeria,Denmark
Algeria,Dominican Republic
Algeria,Estonia
Algeria,France
Algeria,Germany
Algeria,Hungary
Algeria,Ireland
Algeria,Italy
Algeria,Japan
Algeria,Jordan
Algeria,Lithuania
Algeria,Mexico
Algeria,Netherlands
Algeria,Europe Othr. Nes
Algeria,Portugal
Algeria,Romania
Algeria,Russian Federation
Algeria,India
Algeria,Singapore
Algeria,South Africa
Algeria,Spain
Algeria,Sweden
Algeria,Switzerland
Algeria,Thailand
Algeria,Turkey
Algeria,United Kingdom
Algeria,United States of America
Algeria,Austria
Algeria,Belgium
Algeria,Canada
Algeria,China
Algeria,Czech Republic
Algeria,Denmark
Algeria,France
Algeria,Germany
Algeria,Hungary
Algeria,Indonesia
Algeria,Ireland
Algeria,Italy
Algeria,Japan
Algeria,"Korea, Republic of"
Algeria,Malaysia
Algeria,Mexico
Algeria,"Taipei, Chinese"
Algeria,Netherlands
Algeria,Poland
Algeria,Portugal
Algeria,Romania
Algeria,Russian Federation
Algeria,Saudi Arabia
Algeria,India
Algeria,Singapore
Algeria,Spain
Algeria,Sweden
Algeria,Switzerland
Algeria,Syrian Arab Republic
Algeria,Tunisia
Algeria,Turkey
Algeria,United Kingdom
Algeria,United States of America
Algeria,Australia
Algeria,Austria
Algeria,Belgium
Algeria,Canada
Algeria,China
Algeria,Czech Republic
Algeria,Denmark
Algeria,Dominican Republic
Algeria,Estonia
Algeria,Finland
Algeria,France
Algeria,Germany
Algeria,Greece
Algeria,"Hong Kong, China"
Algeria,Hungary
Algeria,Indonesia
Algeria,Italy
Algeria,Japan
Algeria,"Korea, Republic of"
Algeria,Malaysia
Algeria,Mexico
Algeria,Morocco
Algeria,Netherlands
Algeria,Philippines
Algeria,Poland
Algeria,Portugal
Algeria,Saudi Arabia
Algeria,India
Algeria,Singapore
Algeria,Viet Nam
Algeria,South Africa
Algeria,Spain
Algeria,Eswatini
Algeria,Sweden
Algeria,Switzerland
Algeria,Tunisia
Algeria,Turkey
Algeria,United Kingdom
Algeria,United States of America
Algeria,Austria
Algeria,Belgium
Algeria,Bulgaria
Algeria,China
Algeria,Congo
Algeria,Czech Republic
Algeria,Denmark
Algeria,Dominican Republic
Algeria,Finland
Algeria,France
Algeria,Germany
Algeria,Hungary
Algeria,Indonesia
Algeria,Italy
Algeria,Japan
Algeria,"Korea, Democratic People's Republic of"
Algeria,"Korea, Republic of"
Algeria,Lithuania
Algeria,Mexico
Algeria,"Taipei, Chinese"
Algeria,Netherlands
Algeria,Norway
Algeria,Poland
Algeria,Portugal
Algeria,Romania
Algeria,India
Algeria,Singapore
Algeria,Viet Nam
Algeria,Spain
Algeria,Sweden
Algeria,Switzerland
Algeria,United Arab Emirates
Algeria,Turkey
Algeria,United Kingdom
Algeria,United States of America
Algeria,Argentina
Algeria,Austria
Algeria,Belgium
Algeria,Bulgaria
Algeria,China
Algeria,Czech Republic
Algeria,Denmark
Algeria,Dominica
Algeria,Dominican Republic
Algeria,France
Algeria,Germany
Algeria,Greece
Algeria,Hungary
Algeria,Indonesia
Algeria,Ireland
Algeria,Italy
Algeria,Japan
Algeria,"Korea, Republic of"
Algeria,Lithuania
Algeria,Malaysia
Algeria,Mexico
Algeria,"Taipei, Chinese"
Algeria,Netherlands
Algeria,Poland
Algeria,Portugal
Algeria,Romania
Algeria,India
Algeria,Viet Nam
Algeria,South Africa
Algeria,Spain
Algeria,Sweden
Algeria,Switzerland
Algeria,Thailand
Algeria,Tunisia
Algeria,Turkey
Algeria,United Kingdom
Algeria,United States of America
Algeria,Austria
Algeria,Belgium
Algeria,Bosnia and Herzegovina
Algeria,Brazil
Algeria,Bulgaria
Algeria,Canada
Algeria,Sri Lanka
Algeria,China
Algeria,Czech Republic
Algeria,Denmark
Algeria,Dominican Republic
Algeria,France
Algeria,Germany
Algeria,Greece
Algeria,Hungary
Algeria,Indonesia
Algeria,Ireland
Algeria,Italy
Algeria,Japan
Algeria,"Korea, Republic of"
Algeria,Lithuania
Algeria,Malaysia
Algeria,Mexico
Algeria,"Taipei, Chinese"
Algeria,Netherlands
Algeria,Poland
Algeria,Portugal
Algeria,Romania
Algeria,Russian Federation
Algeria,Senegal
Algeria,Serbia
Algeria,India
Algeria,Singapore
Algeria,Viet Nam
Algeria,South Africa
Algeria,Spain
Algeria,Sweden
Algeria,Switzerland
Algeria,Thailand
Algeria,Tunisia
Algeria,Turkey
Algeria,Ukraine
Algeria,United Kingdom
Algeria,United States of America
Algeria,Austria
Algeria,Belgium
Algeria,Bulgaria
Algeria,China
Algeria,Czech Republic
Algeria,Denmark
Algeria,Dominica
Algeria,Dominican Republic
Algeria,France
Algeria,Germany
Algeria,Greece
Algeria,Hungary
Algeria,Indonesia
Algeria,Ireland
Algeria,Italy
Algeria,Japan
Algeria,"Korea, Republic of"
Algeria,Lithuania
Algeria,Luxembourg
Algeria,Malaysia
Algeria,Mexico
Algeria,"Taipei, Chinese"
Algeria,Netherlands
Algeria,Philippines
Algeria,Portugal
Algeria,Romania
Algeria,India
Algeria,Singapore
Algeria,Viet Nam
Algeria,Spain
Algeria,Sweden
Algeria,Switzerland
Algeria,Tajikistan
Algeria,Thailand
Algeria,Tunisia
Algeria,Turkey
Algeria,Egypt
Algeria,United Kingdom
Algeria,United States of America
Algeria,Austria
Algeria,Belgium
Algeria,Canada
Algeria,China
Algeria,Czech Republic
Algeria,Denmark
Algeria,Dominican Republic
Algeria,Finland
Algeria,France
Algeria,Germany
Algeria,"Hong Kong, China"
Algeria,Hungary
Algeria,Indonesia
Algeria,Italy
Algeria,Japan
Algeria,"Korea, Republic of"
Algeria,Malaysia
Algeria,Mexico
Algeria,"Taipei, Chinese"
Algeria,Netherlands
Algeria,Romania
Algeria,India
Algeria,Singapore
Algeria,Spain
Algeria,Sweden
Algeria,Switzerland
Algeria,Tajikistan
Algeria,Thailand
Algeria,United Arab Emirates
Algeria,Tunisia
Algeria,Turkey
Algeria,United Kingdom
Algeria,United States of America
