,status,title,traceId,type
0,401.0,Unauthorized,|c31d0a0e-4a3cd9d05b94215d.,https://tools.ietf.org/html/rfc7235#section-3.1
1,401.0,Unauthorized,|c31d0a11-4a3cd9d05b94215d.,https://tools.ietf.org/html/rfc7235#section-3.1
2,401.0,Unauthorized,|c31d0a14-4a3cd9d05b94215d.,https://tools.ietf.org/html/rfc7235#section-3.1
3,401.0,Unauthorized,|c31d0a15-4a3cd9d05b94215d.,https://tools.ietf.org/html/rfc7235#section-3.1
4,401.0,Unauthorized,|c31d0a17-4a3cd9d05b94215d.,https://tools.ietf.org/html/rfc7235#section-3.1
5,401.0,Unauthorized,|c31d0a18-4a3cd9d05b94215d.,https://tools.ietf.org/html/rfc7235#section-3.1
6,401.0,Unauthorized,|c31d0a1b-4a3cd9d05b94215d.,https://tools.ietf.org/html/rfc7235#section-3.1
7,401.0,Unauthorized,|c31d0a1c-4a3cd9d05b94215d.,https://tools.ietf.org/html/rfc7235#section-3.1
8,401.0,Unauthorized,|c31d0a1f-4a3cd9d05b94215d.,https://tools.ietf.org/html/rfc7235#section-3.1
9,401.0,Unauthorized,|c31d0a21-4a3cd9d05b94215d.,https://tools.ietf.org/html/rfc7235#section-3.1
10,401.0,Unauthorized,|c31d0a25-4a3cd9d05b94215d.,https://tools.ietf.org/html/rfc7235#section-3.1
11,401.0,Unauthorized,|c31d0a28-4a3cd9d05b94215d.,https://tools.ietf.org/html/rfc7235#section-3.1
12,401.0,Unauthorized,|c31d0a2e-4a3cd9d05b94215d.,https://tools.ietf.org/html/rfc7235#section-3.1
